{"cameraMode":{"drawMode":0,"name":"Shaded","section":"Shading Mode"},"sceneLighting":false,"audioPlay":false,"sceneViewState":{"m_AlwaysRefresh":false,"showFog":true,"showSkybox":false,"showFlares":true,"showImageEffects":true,"showParticleSystems":true,"showVisualEffectGraphs":true,"m_FxEnabled":true},"in2DMode":false,"pivot":{"x":-1.4167512655258179,"y":0.9415538907051086,"z":6.4839043617248539},"rotation":{"x":0.355361670255661,"y":-0.21988169848918916,"z":0.08639737218618393,"w":0.9043854475021362},"size":1.7876760959625245,"orthographic":false}